{"cameraMode":{"drawMode":0,"name":"Shaded","section":"Shading Mode"},"sceneLighting":true,"audioPlay":false,"sceneViewState":{"showFog":true,"showMaterialUpdate":false,"showSkybox":true,"showFlares":true,"showImageEffects":true,"showParticleSystems":true,"showVisualEffectGraphs":true,"m_FxEnabled":true},"in2DMode":false,"pivot":{"x":-1.9386626482009888,"y":0.5055651664733887,"z":-7.696535110473633},"rotation":{"x":-0.1940702348947525,"y":-0.0008858611108735204,"z":0.00017536722589284182,"w":-0.9809880256652832},"size":7.433901309967041,"orthographic":false}